{
 "objects": [
  {
   "obj_subpath": "03797390/141f1db25095b16dcfb3760e4293e310/models/model_normalized.obj",
   "obj_location": [
    0.0028534735698502733,
    -0.3766633316427635
   ],
   "obj_pose": [
    [
     0.6539254750173525,
     0.7551936486931105,
     -0.04543200313025567
    ],
    [
     -0.029733640879148728,
     -0.0343508194325684,
     -0.9989674465597808
    ],
    [
     -0.7559744715690613,
     0.6546010971069336,
     -8.222239557653666e-06
    ]
   ],
   "obj_scale": 0.3844869227301492
  },
  {
   "obj_subpath": "03797390/141f1db25095b16dcfb3760e4293e310/models/model_normalized.obj",
   "obj_location": [
    0.3192186521481849,
    0.3464815840173793
   ],
   "obj_pose": [
    [
     0.52479228782306,
     0.6060555970369389,
     -0.5977371427347834
    ],
    [
     -0.39127441894153897,
     -0.45187834548947065,
     -0.8016921693454744
    ],
    [
     -0.7559744715690613,
     0.6546010971069336,
     -8.222239557653666e-06
    ]
   ],
   "obj_scale": 0.42604568316189373
  },
  {
   "obj_subpath": "03797390/141f1db25095b16dcfb3760e4293e310/models/model_normalized.obj",
   "obj_location": [
    -0.31244363956486887,
    0.11542280678248518
   ],
   "obj_pose": [
    [
     -0.34336792484371664,
     -0.3965368489751149,
     0.8513853239588843
    ],
    [
     0.5573202058501012,
     0.6436235128618957,
     0.524540736374478
    ],
    [
     -0.755971372127533,
     0.6546046733856201,
     -1.6673478739903658e-06
    ]
   ],
   "obj_scale": 0.4310585218864571
  }
 ],
 "camera": {
  "track_to_point": [
   [
    -0.001308782843693831,
    0.03384176398235213,
    0.0
   ],
   [
    -0.001502353935453026,
    0.03651209453012174,
    0.0
   ],
   [
    -0.0026509864268173555,
    0.030186681521359615,
    0.0
   ],
   [
    0.008739788022781062,
    0.019065315373751224,
    0.0
   ],
   [
    0.007514308612737542,
    0.032417014718376644,
    0.0
   ],
   [
    -0.0046588631800608266,
    0.019799719812098604,
    0.0
   ],
   [
    -0.001687728845014115,
    0.03232764302807864,
    0.0
   ],
   [
    -0.004543852368037721,
    0.03480521969137774,
    0.0
   ],
   [
    0.003907285081088561,
    0.037903228441322524,
    0.0
   ],
   [
    -0.00020318915525835814,
    0.03246862858859442,
    0.0
   ],
   [
    -0.006768737237430003,
    0.03508683621964877,
    0.0
   ],
   [
    0.004148381003517757,
    0.020156913772579006,
    0.0
   ],
   [
    -0.0067693221163014385,
    0.026317315109580214,
    0.0
   ],
   [
    0.008342687557665866,
    0.031067097380872048,
    0.0
   ],
   [
    -0.002940128558532215,
    0.024282082734420937,
    0.0
   ],
   [
    -0.006660166849142663,
    0.03590292620577964,
    0.0
   ],
   [
    0.012831688007497542,
    0.019445754494669485,
    0.0
   ],
   [
    0.007838397353337233,
    0.020992571965396348,
    0.0
   ],
   [
    0.006498895859664814,
    0.03718768118625094,
    0.0
   ],
   [
    0.006903860505311991,
    0.02417122330345877,
    0.0
   ]
  ],
  "positions": [
   [
    0.7915548680535383,
    0.0,
    0.5211005957788417
   ],
   [
    0.8422984225397301,
    0.2891614136985224,
    0.49786272079722993
   ],
   [
    0.5897549096691527,
    0.4590246712426543,
    0.5443125414109214
   ],
   [
    0.38749072627906267,
    0.5930987093768053,
    0.5330096616940847
   ],
   [
    0.2117212813176648,
    0.8360684324146715,
    0.4435212519242378
   ],
   [
    -0.06837651727260605,
    0.8251818467429342,
    0.4967192192575234
   ],
   [
    -0.3355631056566371,
    0.7650068253462483,
    0.4774883379850575
   ],
   [
    -0.5722791736501444,
    0.6216609003903841,
    0.4309209138838347
   ],
   [
    -0.7721514087286866,
    0.4178674457426044,
    0.38480695607965176
   ],
   [
    -0.7402592202293906,
    0.12352741600350978,
    0.5447072530647172
   ],
   [
    -0.7655657807347862,
    -0.12775033405942962,
    0.5662737085963233
   ],
   [
    -0.6357964184411853,
    -0.3440758151613584,
    0.48405045381051
   ],
   [
    -0.5005092212843483,
    -0.5436979493290687,
    0.44048814946890996
   ],
   [
    -0.29990997121803753,
    -0.6837258658762124,
    0.5587935455686931
   ],
   [
    -0.06869643791777659,
    -0.8290427147619969,
    0.6275517203976262
   ],
   [
    0.20417420993778435,
    -0.8062657215174582,
    0.4461352155786904
   ],
   [
    0.4001787172914717,
    -0.6125191253601934,
    0.5538623658584614
   ],
   [
    0.6368519582436502,
    -0.4956817755481294,
    0.4092781018330321
   ],
   [
    0.8177511742533898,
    -0.2807343327175512,
    0.4478969650762916
   ],
   [
    0.702169997557962,
    -1.719820479933326e-16,
    0.4284006828254562
   ]
  ]
 },
 "appearance_assets": {
  "floor_pbr": "Carpet006",
  "background_hdr": "cabin_4k.hdr"
 },
 "environment_strength": 0.6051366159968383
}