{
 "objects": [
  {
   "obj_subpath": "03948459/445a386fa38254aa6aae23d08e2851e9/models/model_normalized.obj",
   "obj_location": [
    -0.0002472200384221468,
    0.07989760999322926
   ],
   "obj_pose": [
    [
     0.02023142003944465,
     0.13961357094378743,
     0.9899993659857037
    ],
    [
     0.012734677720255017,
     0.9900857304161025,
     -0.1398860012383074
    ],
    [
     -0.999714195728302,
     0.015437415800988674,
     0.0182529054582119
    ]
   ],
   "obj_scale": 0.4384477703308852
  },
  {
   "obj_subpath": "03948459/445a386fa38254aa6aae23d08e2851e9/models/model_normalized.obj",
   "obj_location": [
    -0.32912097985051525,
    -0.32267018154633986
   ],
   "obj_pose": [
    [
     -0.00996109344845371,
     0.9417831388912224,
     -0.3360734213737545
    ],
    [
     -0.026512964202259952,
     0.33572322003088034,
     0.9415874478751026
    ],
    [
     0.9995988607406616,
     0.01828954368829727,
     0.02162529155611992
    ]
   ],
   "obj_scale": 0.4111245187804428
  },
  {
   "obj_subpath": "03948459/2dbd07826cb984cde687f35a3b96a31/models/model_normalized.obj",
   "obj_location": [
    0.22201078085028536,
    -0.39004013840231233
   ],
   "obj_pose": [
    [
     -1.2980882183905744e-05,
     0.7417443322939524,
     -0.670682756065501
    ],
    [
     -2.5714219056095577e-05,
     -0.670682756065501,
     -0.7417443322939524
    ],
    [
     -1.0,
     7.617587471031584e-06,
     2.7779429728980176e-05
    ]
   ],
   "obj_scale": 0.3848016802823207
  }
 ],
 "camera": {
  "track_to_point": [
   [
    -0.0412368035470172,
    -0.2093843336885791,
    0.0
   ],
   [
    -0.042528242381227634,
    -0.2073009479828048,
    0.0
   ],
   [
    -0.03343256361002543,
    -0.2203427060473594,
    0.0
   ],
   [
    -0.038963483313799376,
    -0.20674138768600164,
    0.0
   ],
   [
    -0.03968450161470917,
    -0.2120389631289012,
    0.0
   ],
   [
    -0.030163146188917273,
    -0.21512092993141915,
    0.0
   ],
   [
    -0.027472557907644413,
    -0.20893969814944535,
    0.0
   ],
   [
    -0.031633465892049455,
    -0.20673335896871897,
    0.0
   ],
   [
    -0.042483241568814556,
    -0.2198563675755215,
    0.0
   ],
   [
    -0.04483631883588782,
    -0.20540311942415393,
    0.0
   ],
   [
    -0.042198804858553436,
    -0.20972972387472782,
    0.0
   ],
   [
    -0.03567065498873577,
    -0.2122824086822654,
    0.0
   ],
   [
    -0.045562186109560664,
    -0.21734659761876837,
    0.0
   ],
   [
    -0.026991398580411427,
    -0.2091058375302732,
    0.0
   ],
   [
    -0.03195642779173777,
    -0.21209585467334652,
    0.0
   ],
   [
    -0.026984869195351147,
    -0.20115839964582866,
    0.0
   ],
   [
    -0.02647859385785569,
    -0.20269071553412477,
    0.0
   ],
   [
    -0.0336091922445185,
    -0.21981848862009265,
    0.0
   ],
   [
    -0.036843767193175225,
    -0.21904195333812465,
    0.0
   ],
   [
    -0.040092495133013266,
    -0.20480087201022126,
    0.0
   ]
  ],
  "positions": [
   [
    0.8321697791574552,
    0.0,
    0.5503644979102633
   ],
   [
    0.7223631913025473,
    0.2479875968080282,
    0.41169027525632107
   ],
   [
    0.6363953311688346,
    0.49532636842991573,
    0.5126246962141907
   ],
   [
    0.3871931248771227,
    0.5926431965208094,
    0.3784474187221315
   ],
   [
    0.19919034840426125,
    0.7865848973992021,
    0.6465623400037607
   ],
   [
    -0.07043492938044037,
    0.8500231866100825,
    0.3861562312455266
   ],
   [
    -0.32263530918425576,
    0.7355344180066327,
    0.3822492668673928
   ],
   [
    -0.5138838260267697,
    0.5582266430320176,
    0.5697925113931344
   ],
   [
    -0.7709543942140774,
    0.41721965388198984,
    0.448480919093319
   ],
   [
    -0.8441815805506672,
    0.14086899079874834,
    0.4670958942683294
   ],
   [
    -0.875429511749641,
    -0.14608334827107866,
    0.43679929718714783
   ],
   [
    -0.687812717945373,
    -0.372225628740776,
    0.4881337857146685
   ],
   [
    -0.5939322007303978,
    -0.6451823579773,
    0.5617716059871798
   ],
   [
    -0.2823703630571405,
    -0.6437395868997783,
    0.5366386889813352
   ],
   [
    -0.05882724637750221,
    -0.7099392853112837,
    0.5176450585687362
   ],
   [
    0.18313415468749836,
    -0.723180422290351,
    0.5898921690142603
   ],
   [
    0.44869808725207233,
    -0.6867835496465273,
    0.5873723580656656
   ],
   [
    0.6175205541778919,
    -0.4806355398145064,
    0.5927248293166401
   ],
   [
    0.7686942571259247,
    -0.26389307179544613,
    0.5301322300629646
   ],
   [
    0.7991962889487534,
    -1.957466354303068e-16,
    0.5198010550767823
   ]
  ]
 },
 "appearance_assets": {
  "floor_pbr": "Planks018",
  "background_hdr": "lythwood_lounge_4k.hdr"
 },
 "environment_strength": 0.20049123758808743
}