{
 "objects": [
  {
   "obj_subpath": "03948459/efb488715a03085b9f433921788191f3/models/model_normalized.obj",
   "obj_location": [
    0.10521140380421079,
    -0.06397931001051677
   ],
   "obj_pose": [
    [
     -0.018411763705663543,
     0.9125816342553513,
     -0.40847978947749897
    ],
    [
     -0.06101222091073238,
     0.4067621563137778,
     0.9114944099767749
    ],
    [
     0.9979671835899353,
     0.04170447587966919,
     0.048189423978328705
    ]
   ],
   "obj_scale": 0.3983745243375231
  },
  {
   "obj_subpath": "03948459/efb488715a03085b9f433921788191f3/models/model_normalized.obj",
   "obj_location": [
    -0.39318365687487156,
    0.19022786805907665
   ],
   "obj_pose": [
    [
     0.0338242692604579,
     -0.9874743336310604,
     0.15411150626268003
    ],
    [
     0.05401284667871563,
     -0.15216826115919244,
     -0.986877620527314
    ],
    [
     0.9979671835899353,
     0.041704416275024414,
     0.04818931967020035
    ]
   ],
   "obj_scale": 0.3952408876207828
  },
  {
   "obj_subpath": "03948459/34d72e4e5e487d9c93550d252b5c25ef/models/model_normalized.obj",
   "obj_location": [
    0.3903675444177762,
    0.35009227543263
   ],
   "obj_pose": [
    [
     0.6737509709760245,
     -0.590054302866919,
     -0.44485448362277563
    ],
    [
     0.10320688587054129,
     -0.520963587805671,
     0.8473164845485679
    ],
    [
     -0.731715738773346,
     -0.6167923808097839,
     -0.2901020646095276
    ]
   ],
   "obj_scale": 0.3740004827462586
  }
 ],
 "camera": {
  "track_to_point": [
   [
    0.03735828436992873,
    0.15364883817043842,
    0.0
   ],
   [
    0.03223734367060383,
    0.15802847370043863,
    0.0
   ],
   [
    0.030796571060552832,
    0.15289161886266947,
    0.0
   ],
   [
    0.04108586461153713,
    0.1658060516260194,
    0.0
   ],
   [
    0.029674535085191033,
    0.15140100514570987,
    0.0
   ],
   [
    0.033473182800110454,
    0.16667574898936863,
    0.0
   ],
   [
    0.024898244352082852,
    0.154090578660886,
    0.0
   ],
   [
    0.03436786837531894,
    0.15082892087620695,
    0.0
   ],
   [
    0.036330517276623515,
    0.15903915642558647,
    0.0
   ],
   [
    0.0428767634880645,
    0.1640490979603101,
    0.0
   ],
   [
    0.03267833721498848,
    0.1545938279951923,
    0.0
   ],
   [
    0.03456866623692399,
    0.16558402659877863,
    0.0
   ],
   [
    0.04041902259291764,
    0.15896867403115306,
    0.0
   ],
   [
    0.04018079158275076,
    0.16698988009748855,
    0.0
   ],
   [
    0.03162851006187352,
    0.15610479364866273,
    0.0
   ],
   [
    0.024476947547881746,
    0.15420439275337144,
    0.0
   ],
   [
    0.04234704282984375,
    0.15275239596860454,
    0.0
   ],
   [
    0.029473636238136317,
    0.15805468789117572,
    0.0
   ],
   [
    0.04192083321271668,
    0.16056289303649637,
    0.0
   ],
   [
    0.04265775260203475,
    0.16338108913367355,
    0.0
   ]
  ],
  "positions": [
   [
    0.7118509745950998,
    0.0,
    0.6161016793825742
   ],
   [
    0.7529476446084286,
    0.25848725289008373,
    0.4825834365919513
   ],
   [
    0.6467736805741797,
    0.5034041620111551,
    0.542966212276004
   ],
   [
    0.488712814663255,
    0.7480306494456205,
    0.37606840691920135
   ],
   [
    0.19486064194778158,
    0.7694872732616771,
    0.4209211088340764
   ],
   [
    -0.07366385652206428,
    0.8889905421877418,
    0.49693360662732416
   ],
   [
    -0.3182187902090475,
    0.7254657689109757,
    0.6229808007674991
   ],
   [
    -0.4913971635065799,
    0.5337996159572532,
    0.6372132626848146
   ],
   [
    -0.6261102773643634,
    0.3388339377457127,
    0.6360239140327777
   ],
   [
    -0.7172734977218839,
    0.1196917773127196,
    0.584762871673561
   ],
   [
    -0.7533641453371323,
    -0.12571424122802646,
    0.6132501162082655
   ],
   [
    -0.7745945791020591,
    -0.4191896234293821,
    0.6313015980121138
   ],
   [
    -0.5835579489472151,
    -0.6339129164156322,
    0.5615690250491268
   ],
   [
    -0.3210933996394816,
    -0.7320192183141309,
    0.4749330942495721
   ],
   [
    -0.07184378258510823,
    -0.8670255162926876,
    0.5482840673458145
   ],
   [
    0.19995354111436525,
    -0.7895986772554174,
    0.5700543472824642
   ],
   [
    0.4698385915674514,
    -0.7191415003655756,
    0.3682753482653977
   ],
   [
    0.5697768001883691,
    -0.4434750844802298,
    0.6173079691121729
   ],
   [
    0.691453293063296,
    -0.2373762153392262,
    0.5918588821623241
   ],
   [
    0.7289907178108674,
    -1.7855122983504205e-16,
    0.5130675729270529
   ]
  ]
 },
 "appearance_assets": {
  "floor_pbr": "Carpet007",
  "background_hdr": "colorful_studio_4k.hdr"
 },
 "environment_strength": 0.6758678429383161
}