{
 "objects": [
  {
   "obj_subpath": "03948459/db298a7cb95aea676ecdf20adf3e54ce/models/model_normalized.obj",
   "obj_location": [
    0.12972203885251832,
    -0.22991658227021566
   ],
   "obj_pose": [
    [
     0.04388203900016333,
     -0.7598261564459535,
     -0.6486436215197943
    ],
    [
     0.021291844864629574,
     0.649832880686797,
     -0.759778852442411
    ],
    [
     0.998809814453125,
     0.01952982507646084,
     0.044694092124700546
    ]
   ],
   "obj_scale": 0.37019193842869763
  },
  {
   "obj_subpath": "03948459/db298a7cb95aea676ecdf20adf3e54ce/models/model_normalized.obj",
   "obj_location": [
    -0.032621711661955544,
    0.2521579831319497
   ],
   "obj_pose": [
    [
     0.045393859915015995,
     -0.036991220454640567,
     -0.9982840575836677
    ],
    [
     -0.017843023470455133,
     0.9991247221695637,
     -0.03783375121910661
    ],
    [
     0.998809814453125,
     0.01952982507646084,
     0.044694092124700546
    ]
   ],
   "obj_scale": 0.3852008801168765
  },
  {
   "obj_subpath": "03948459/9b19164c5b17f3016da79efb34b8c0b4/models/model_normalized.obj",
   "obj_location": [
    -0.3639086383371175,
    -0.3940864284159603
   ],
   "obj_pose": [
    [
     0.013463776707562485,
     0.5129505324440458,
     -0.8583125980092076
    ],
    [
     -0.01293311434414566,
     0.85840793411891,
     0.5128046261379495
    ],
    [
     0.9998257160186768,
     0.004196368157863617,
     0.018191460520029068
    ]
   ],
   "obj_scale": 0.3802371650916113
  }
 ],
 "camera": {
  "track_to_point": [
   [
    -0.09288943324279117,
    -0.1203325452643786,
    0.0
   ],
   [
    -0.09261826068906098,
    -0.133899624505638,
    0.0
   ],
   [
    -0.09878854672472942,
    -0.11803978891003213,
    0.0
   ],
   [
    -0.07995238685569976,
    -0.1319102493213998,
    0.0
   ],
   [
    -0.09219335424532844,
    -0.1310357784283018,
    0.0
   ],
   [
    -0.09178594173455433,
    -0.13010710154854305,
    0.0
   ],
   [
    -0.09248156931864174,
    -0.12270159246987565,
    0.0
   ],
   [
    -0.08667638694528448,
    -0.1204471538238521,
    0.0
   ],
   [
    -0.08724935726934929,
    -0.1267140776695612,
    0.0
   ],
   [
    -0.08257274118400154,
    -0.12632973615773366,
    0.0
   ],
   [
    -0.09176141095493008,
    -0.12818936724239174,
    0.0
   ],
   [
    -0.09498338563203912,
    -0.12663534430229115,
    0.0
   ],
   [
    -0.08935802448503886,
    -0.1220399755741996,
    0.0
   ],
   [
    -0.08887584668478872,
    -0.12457254029038556,
    0.0
   ],
   [
    -0.0814767031927415,
    -0.12426319733830161,
    0.0
   ],
   [
    -0.08329185475579724,
    -0.12391279616497877,
    0.0
   ],
   [
    -0.09156158390172553,
    -0.1317978329180523,
    0.0
   ],
   [
    -0.08109559475323479,
    -0.12176982740119924,
    0.0
   ],
   [
    -0.09108200629908532,
    -0.1266502248645515,
    0.0
   ],
   [
    -0.08203585927931363,
    -0.13341402358827315,
    0.0
   ]
  ],
  "positions": [
   [
    0.7365732484413866,
    0.0,
    0.5432481917269361
   ],
   [
    0.796093592536864,
    0.27329927552302496,
    0.5916869176330898
   ],
   [
    0.606664304108942,
    0.4721857812162719,
    0.5135587667375348
   ],
   [
    0.47181456852786374,
    0.7221659582570776,
    0.40647774123660607
   ],
   [
    0.21869089126821428,
    0.8635907996969417,
    0.5326338335722952
   ],
   [
    -0.06963950949152742,
    0.8404238961072856,
    0.4080438487177632
   ],
   [
    -0.35410072823626854,
    0.8072683480227663,
    0.48025238603668324
   ],
   [
    -0.6019856794019689,
    0.6539307679016229,
    0.365946832630847
   ],
   [
    -0.766971493339632,
    0.4150642157176138,
    0.4190368313069623
   ],
   [
    -0.7613479331429543,
    0.12704649978100752,
    0.47983710515466926
   ],
   [
    -0.8099923941729177,
    -0.13516382464465812,
    0.632359329719608
   ],
   [
    -0.7442024753094347,
    -0.40274223935547643,
    0.3924742713828128
   ],
   [
    -0.540195096534536,
    -0.586808301892579,
    0.633885257689466
   ],
   [
    -0.34385313350564506,
    -0.7839061851980743,
    0.5705949974911139
   ],
   [
    -0.05987041723166029,
    -0.7225284853208523,
    0.41950489421715403
   ],
   [
    0.20591296501813733,
    -0.8131319100523869,
    0.46642194125007863
   ],
   [
    0.42241941759572127,
    -0.6465610514025393,
    0.5479432226302124
   ],
   [
    0.5791670583908802,
    -0.45078381580848514,
    0.4446462944584914
   ],
   [
    0.7427231788105714,
    -0.254977189348108,
    0.37685751158371883
   ],
   [
    0.8216851578874259,
    -2.0125481970274475e-16,
    0.5123827274242818
   ]
  ]
 },
 "appearance_assets": {
  "floor_pbr": "Planks013",
  "background_hdr": "lapa_4k.hdr"
 },
 "environment_strength": 0.6074234448618279
}