{
 "objects": [
  {
   "obj_subpath": "03948459/42740af029297f1d9874fa4c7b1a4298/models/model_normalized.obj",
   "obj_location": [
    -0.237571020661575,
    -0.36119784705658137
   ],
   "obj_pose": [
    [
     -0.014917936683100406,
     0.9942342169858993,
     -0.10618749384925241
    ],
    [
     -0.0026622047935299115,
     0.10615938983656478,
     0.9943455601704213
    ],
    [
     0.9998852014541626,
     0.01511627621948719,
     0.0010631760815158486
    ]
   ],
   "obj_scale": 0.38542545688129604
  },
  {
   "obj_subpath": "03948459/42740af029297f1d9874fa4c7b1a4298/models/model_normalized.obj",
   "obj_location": [
    0.3834790050548057,
    0.14547321977606664
   ],
   "obj_pose": [
    [
     0.06121755661708053,
     0.7786139334349477,
     0.6245100047750185
    ],
    [
     -0.021535655165251355,
     0.6265682015384575,
     -0.7790689902291752
    ],
    [
     -0.9978920817375183,
     0.034243468195199966,
     0.05512493848800659
    ]
   ],
   "obj_scale": 0.39792566068072754
  },
  {
   "obj_subpath": "03948459/7af9e52ccd99125c67b9bb226efd81df/models/model_normalized.obj",
   "obj_location": [
    -0.11389250232469034,
    0.31749482859702216
   ],
   "obj_pose": [
    [
     -0.0474908417179137,
     0.2647576029139948,
     0.9631448380789323
    ],
    [
     -0.013038881570114822,
     -0.9643150147687128,
     0.2644363231322288
    ],
    [
     0.9987865686416626,
     -2.801898446591622e-08,
     0.04924827069044113
    ]
   ],
   "obj_scale": 0.36758880946405165
  }
 ],
 "camera": {
  "track_to_point": [
   [
    0.01880127532013593,
    0.039972987662718264,
    0.0
   ],
   [
    0.0012002720311719093,
    0.03020509646248477,
    0.0
   ],
   [
    0.005257996593235388,
    0.03851731464997453,
    0.0
   ],
   [
    0.015292636381525808,
    0.03583511676157191,
    0.0
   ],
   [
    0.007044159234607967,
    0.041603804124299176,
    0.0
   ],
   [
    0.004783169701876261,
    0.02407640873208924,
    0.0
   ],
   [
    0.008994785403375564,
    0.024024281896429495,
    0.0
   ],
   [
    0.00827916591835422,
    0.0299472832958263,
    0.0
   ],
   [
    0.01886381381649469,
    0.030131197620915883,
    0.0
   ],
   [
    0.011726303725397869,
    0.03313041807146494,
    0.0
   ],
   [
    0.01220450006519611,
    0.04231514807794296,
    0.0
   ],
   [
    0.0069260807692820454,
    0.033167476055655294,
    0.0
   ],
   [
    0.004654996733215774,
    0.030923996189830733,
    0.0
   ],
   [
    0.019999202180824502,
    0.032481765849204716,
    0.0
   ],
   [
    0.012621489913814858,
    0.03941970806374871,
    0.0
   ],
   [
    0.00626217544267462,
    0.040664372494952375,
    0.0
   ],
   [
    0.01742712063838275,
    0.02936440772231564,
    0.0
   ],
   [
    0.016730813374560227,
    0.04232167636396744,
    0.0
   ],
   [
    0.004701738069099652,
    0.04073989226600162,
    0.0
   ],
   [
    0.007006211254414423,
    0.035842865978999466,
    0.0
   ]
  ],
  "positions": [
   [
    0.7843882399217381,
    0.0,
    0.4246189548654375
   ],
   [
    0.8009229445512563,
    0.27495719416368786,
    0.48979872698895455
   ],
   [
    0.6486758388188089,
    0.5048846711999336,
    0.5970317337888154
   ],
   [
    0.47913946902313803,
    0.7333775531042068,
    0.5755483174118031
   ],
   [
    0.17669584341340452,
    0.6977561060344276,
    0.5434305614560765
   ],
   [
    -0.0734694726488744,
    0.8866446777030624,
    0.3519937378110228
   ],
   [
    -0.30545163177763335,
    0.6963595794173586,
    0.37305719758901135
   ],
   [
    -0.5431469357673829,
    0.590014854078631,
    0.5911093763633478
   ],
   [
    -0.7142191900105749,
    0.38651609678657955,
    0.46854604248829135
   ],
   [
    -0.7920078537920894,
    0.13216273564698794,
    0.5977385897534365
   ],
   [
    -0.8038237482063205,
    -0.13413445969293475,
    0.47627247347522184
   ],
   [
    -0.7681583317200278,
    -0.41570650052978775,
    0.6067613434686523
   ],
   [
    -0.5542351924756714,
    -0.6020599117470196,
    0.6290974015656219
   ],
   [
    -0.345635264131082,
    -0.7879690337923798,
    0.5663561234490253
   ],
   [
    -0.07195954582025725,
    -0.8684225707782847,
    0.5429364714342582
   ],
   [
    0.20324096235034597,
    -0.8025804101371927,
    0.5172388131058785
   ],
   [
    0.46203697925573023,
    -0.7072002437642301,
    0.5454145449316049
   ],
   [
    0.5772543465947781,
    -0.4492950924608826,
    0.5148869266989748
   ],
   [
    0.6819845353083062,
    -0.23412558669605962,
    0.37157041422261955
   ],
   [
    0.7241149049912985,
    -1.773570001224967e-16,
    0.6084809513667617
   ]
  ]
 },
 "appearance_assets": {
  "floor_pbr": "Tiles071",
  "background_hdr": "lythwood_lounge_4k.hdr"
 },
 "environment_strength": 0.3486211018228814
}