{
 "objects": [
  {
   "obj_subpath": "03948459/86886a49bb69dce3fb5c1b0f759e2bc1/models/model_normalized.obj",
   "obj_location": [
    -0.19254791175669422,
    -0.03313529113583602
   ],
   "obj_pose": [
    [
     -0.03687939486608019,
     0.1955890965891841,
     0.9799922784872099
    ],
    [
     0.03361219879621661,
     -0.9798617170306241,
     0.19682794965480815
    ],
    [
     0.9987542629241943,
     0.040198590606451035,
     0.02956252731382847
    ]
   ],
   "obj_scale": 0.3610105362217123
  },
  {
   "obj_subpath": "03948459/86886a49bb69dce3fb5c1b0f759e2bc1/models/model_normalized.obj",
   "obj_location": [
    0.30158484667596575,
    0.2955837368792307
   ],
   "obj_pose": [
    [
     -0.048748785441523564,
     -0.9125544035940989,
     -0.4060394295743464
    ],
    [
     0.010652368313513126,
     -0.40697464864143534,
     0.9133773121006281
    ],
    [
     -0.9987542629241943,
     0.04020075500011444,
     0.029560387134552002
    ]
   ],
   "obj_scale": 0.3764752823631897
  },
  {
   "obj_subpath": "03948459/194195123b03cae8912fbf9a0eb12fea/models/model_normalized.obj",
   "obj_location": [
    0.35491075932181704,
    -0.22363938056352453
   ],
   "obj_pose": [
    [
     -0.002589051364006586,
     -0.6984842665105621,
     0.7156207673280915
    ],
    [
     0.01720708326996104,
     0.7154860936123456,
     0.6984150638337311
    ],
    [
     -0.9998486042022705,
     0.014121978543698788,
     0.010166446678340435
    ]
   ],
   "obj_scale": 0.37046868034917146
  }
 ],
 "camera": {
  "track_to_point": [
   [
    0.15171059706263493,
    0.008891516160220879,
    0.0
   ],
   [
    0.14608862676346848,
    0.00862688050425129,
    0.0
   ],
   [
    0.15826169667991205,
    0.009306029941467679,
    0.0
   ],
   [
    0.14838237211504168,
    0.005194427425900257,
    0.0
   ],
   [
    0.14595655531693433,
    0.017997044977766965,
    0.0
   ],
   [
    0.15257127782447516,
    0.003102342646964594,
    0.0
   ],
   [
    0.1467303398533999,
    0.006913229253405033,
    0.0
   ],
   [
    0.14670768847407833,
    0.021856699822171498,
    0.0
   ],
   [
    0.16272581847591905,
    0.0030105913279232215,
    0.0
   ],
   [
    0.1518391349093581,
    0.021915925245607967,
    0.0
   ],
   [
    0.14787295746104465,
    0.00641104002904354,
    0.0
   ],
   [
    0.16121570526043472,
    0.01606027331638391,
    0.0
   ],
   [
    0.15654101196914247,
    0.020490407893195554,
    0.0
   ],
   [
    0.14560616629798306,
    0.018540158426607355,
    0.0
   ],
   [
    0.15351106770735953,
    0.0036153236724905044,
    0.0
   ],
   [
    0.15273206150761953,
    0.008551529170259958,
    0.0
   ],
   [
    0.15434687505262673,
    0.01163908630955824,
    0.0
   ],
   [
    0.1475825858352124,
    0.0076848972641134486,
    0.0
   ],
   [
    0.15824905961776198,
    0.012622356298838129,
    0.0
   ],
   [
    0.1513526327420084,
    0.014483423367361366,
    0.0
   ]
  ],
  "positions": [
   [
    0.7730082121963612,
    0.0,
    0.3531725821019557
   ],
   [
    0.7871737360826748,
    0.27023708493443993,
    0.35045688863184643
   ],
   [
    0.6693118841406815,
    0.5209463499826251,
    0.3946175125959718
   ],
   [
    0.4299784101467192,
    0.6581309508146784,
    0.38197651831786106
   ],
   [
    0.18612009733878795,
    0.7349716431643539,
    0.47837790750669085
   ],
   [
    -0.06272001545839853,
    0.7569180216852264,
    0.3565525944967731
   ],
   [
    -0.32413408728687754,
    0.7389512879153239,
    0.43228435771621343
   ],
   [
    -0.5693585152843538,
    0.6184882196551594,
    0.42579045803086635
   ],
   [
    -0.7559205652477248,
    0.40908375250450707,
    0.5926324776427467
   ],
   [
    -0.8844415854889726,
    0.1475871973977507,
    0.418452799943724
   ],
   [
    -0.8233910540467311,
    -0.13739966553240715,
    0.5432175933354784
   ],
   [
    -0.7546158807579213,
    -0.4083776925671796,
    0.42381005775015934
   ],
   [
    -0.5230919887368514,
    -0.5682293741899219,
    0.5658130180867124
   ],
   [
    -0.30239985469928465,
    -0.6894022284600657,
    0.5276029435861797
   ],
   [
    -0.06088085621728175,
    -0.7347226704217396,
    0.6212926345303846
   ],
   [
    0.17883282565809688,
    -0.7061948580781464,
    0.6044202077580327
   ],
   [
    0.39155648902068096,
    -0.5993218225280339,
    0.5868350674224568
   ],
   [
    0.6757698755270677,
    -0.5259728064383873,
    0.6116913456371407
   ],
   [
    0.7486641010277788,
    -0.25701671052140046,
    0.48096706893504326
   ],
   [
    0.7077942953368147,
    -1.733596036477973e-16,
    0.5630162052828251
   ]
  ]
 },
 "appearance_assets": {
  "floor_pbr": "Tiles071",
  "background_hdr": "kiara_interior_4k.hdr"
 },
 "environment_strength": 0.6954439450296361
}