{
 "objects": [
  {
   "obj_subpath": "03797390/c7ddd93b15e30faae180a52fd2be32/models/model_normalized.obj",
   "obj_location": [
    -0.19174756749728816,
    0.32402011904223993
   ],
   "obj_pose": [
    [
     0.27597025756672566,
     -0.9441067383004352,
     -0.18028560126422882
    ],
    [
     -0.0505824640729852,
     0.17304426260237774,
     -0.9836143068275577
    ],
    [
     0.9598342776298523,
     0.28056758642196655,
     -1.7949531638805638e-07
    ]
   ],
   "obj_scale": 0.41641337681588364
  },
  {
   "obj_subpath": "03797390/c7ddd93b15e30faae180a52fd2be32/models/model_normalized.obj",
   "obj_location": [
    -0.2829261473670416,
    -0.3166912656593513
   ],
   "obj_pose": [
    [
     0.24511194306728626,
     -0.8385386436936111,
     0.48659336499407824
    ],
    [
     0.13652217438540587,
     -0.46704902650189356,
     -0.8736285822721239
    ],
    [
     0.9598342776298523,
     0.28056758642196655,
     -1.7949531638805638e-07
    ]
   ],
   "obj_scale": 0.3910913964194491
  },
  {
   "obj_subpath": "03797390/c7ddd93b15e30faae180a52fd2be32/models/model_normalized.obj",
   "obj_location": [
    0.2957301764679666,
    -0.1579710063875769
   ],
   "obj_pose": [
    [
     0.09624581029614748,
     -0.32926067767977885,
     -0.939321111866396
    ],
    [
     -0.2635435035213457,
     0.9015924914614817,
     -0.3430391276141986
    ],
    [
     0.9598341584205627,
     0.28056803345680237,
     -1.2264019133567672e-08
    ]
   ],
   "obj_scale": 0.40268808775459924
  }
 ],
 "camera": {
  "track_to_point": [
   [
    -0.06960660342149652,
    -0.04534523432979122,
    0.0
   ],
   [
    -0.05188499857947766,
    -0.05218573536176323,
    0.0
   ],
   [
    -0.05298308670253173,
    -0.05076648516460275,
    0.0
   ],
   [
    -0.06516527183625649,
    -0.051792930971587936,
    0.0
   ],
   [
    -0.04986903581126702,
    -0.04430429865975106,
    0.0
   ],
   [
    -0.06463323030428224,
    -0.05264897499489054,
    0.0
   ],
   [
    -0.06624521852216292,
    -0.05854143495788846,
    0.0
   ],
   [
    -0.05888606267514392,
    -0.05057018298301596,
    0.0
   ],
   [
    -0.06189625578478914,
    -0.055246718748064576,
    0.0
   ],
   [
    -0.06257249945618087,
    -0.05753876643781837,
    0.0
   ],
   [
    -0.060779371940604336,
    -0.058107188551695735,
    0.0
   ],
   [
    -0.049908917525798374,
    -0.049405471354216114,
    0.0
   ],
   [
    -0.06370606626841215,
    -0.04485199508428904,
    0.0
   ],
   [
    -0.0563275779621304,
    -0.050596336096349864,
    0.0
   ],
   [
    -0.0652264613792355,
    -0.05687116708755548,
    0.0
   ],
   [
    -0.058907062633071175,
    -0.04846765761860221,
    0.0
   ],
   [
    -0.06369975603204066,
    -0.05863432117032702,
    0.0
   ],
   [
    -0.054159854149296666,
    -0.05674884542347338,
    0.0
   ],
   [
    -0.057020088656393866,
    -0.05014389667777943,
    0.0
   ],
   [
    -0.058403961300885335,
    -0.059316186314814334,
    0.0
   ]
  ],
  "positions": [
   [
    0.7016982734967792,
    0.0,
    0.5206389925979837
   ],
   [
    0.7830102474340987,
    0.26880775747599606,
    0.6442289430356397
   ],
   [
    0.6925155299738305,
    0.5390064724598882,
    0.6061944337745477
   ],
   [
    0.46543951176388393,
    0.7124082074710697,
    0.570855720404913
   ],
   [
    0.1776002518810211,
    0.701327534305959,
    0.4767168837598361
   ],
   [
    -0.05885632076593055,
    0.7102901609992168,
    0.6039033940804359
   ],
   [
    -0.34004316671997675,
    0.7752203358116382,
    0.5633455227022743
   ],
   [
    -0.48861559763989165,
    0.5307780299537799,
    0.4511382610812514
   ],
   [
    -0.6390573856835856,
    0.34584056238169414,
    0.39813035265584107
   ],
   [
    -0.8725993916297138,
    0.1456110847506248,
    0.6131047504744027
   ],
   [
    -0.7685552946731419,
    -0.12824919570386428,
    0.5049212524955384
   ],
   [
    -0.6753285720291273,
    -0.3654695468281772,
    0.4969409615205804
   ],
   [
    -0.5820640411791673,
    -0.6322900999810216,
    0.6292156808306049
   ],
   [
    -0.3137950698614065,
    -0.7153807023398262,
    0.4420298968245624
   ],
   [
    -0.07241553256910066,
    -0.8739255124680576,
    0.4614883628170733
   ],
   [
    0.17251280883793893,
    -0.6812376760566764,
    0.5065644627425887
   ],
   [
    0.43696661257252944,
    -0.6688271909012793,
    0.445532393030115
   ],
   [
    0.6139426289761861,
    -0.47785072884893914,
    0.46882669760450313
   ],
   [
    0.843012188357887,
    -0.28940644981340174,
    0.5966900695174897
   ],
   [
    0.7609534744248716,
    -1.8637984735089527e-16,
    0.445514674814556
   ]
  ]
 },
 "appearance_assets": {
  "floor_pbr": "Carpet007",
  "background_hdr": "hotel_room_4k.hdr"
 },
 "environment_strength": 0.48419188454459783
}