{
 "objects": [
  {
   "obj_subpath": "03948459/4421883492edac988075e9c7f3d235af/models/model_normalized.obj",
   "obj_location": [
    0.20762808223058804,
    0.07562929193558315
   ],
   "obj_pose": [
    [
     -0.21358353589499338,
     0.6841128323612274,
     0.697403566215318
    ],
    [
     0.2063257706475821,
     0.7293618319297288,
     -0.6522737112384231
    ],
    [
     -0.9548883438110352,
     0.004577400628477335,
     -0.2969297766685486
    ]
   ],
   "obj_scale": 0.3668045875672834
  },
  {
   "obj_subpath": "03948459/4421883492edac988075e9c7f3d235af/models/model_normalized.obj",
   "obj_location": [
    -0.3754992835539687,
    -0.05588905412127865
   ],
   "obj_pose": [
    [
     -0.012508205583525464,
     0.9664718964621577,
     0.25646761069545293
    ],
    [
     -0.00014920725666868028,
     -0.25648944414414443,
     0.9665469908878583
    ],
    [
     0.9999217391014099,
     0.01205150131136179,
     0.003352427389472723
    ]
   ],
   "obj_scale": 0.40723726555472917
  },
  {
   "obj_subpath": "03948459/592017db407391c68e7e947594effe19/models/model_normalized.obj",
   "obj_location": [
    0.025253967352477757,
    -0.392957441345521
   ],
   "obj_pose": [
    [
     0.20761973091543492,
     -0.4719614801135857,
     -0.8568234717820276
    ],
    [
     0.040833431616564136,
     0.8793278699241416,
     -0.4744630040697399
    ],
    [
     0.9773569703102112,
     0.06352084875106812,
     0.20183762907981873
    ]
   ],
   "obj_scale": 0.4133025076721982
  }
 ],
 "camera": {
  "track_to_point": [
   [
    -0.05130290501348885,
    -0.12429244707011179,
    0.0
   ],
   [
    -0.04366433225755585,
    -0.12070711096592632,
    0.0
   ],
   [
    -0.03905144738325886,
    -0.11532468139135395,
    0.0
   ],
   [
    -0.04480430660488235,
    -0.12664970161556804,
    0.0
   ],
   [
    -0.05706020510494664,
    -0.13376129804177933,
    0.0
   ],
   [
    -0.05055490470760598,
    -0.13328634492187386,
    0.0
   ],
   [
    -0.05134431510443422,
    -0.13434025221618734,
    0.0
   ],
   [
    -0.050826688409532916,
    -0.11711665486603963,
    0.0
   ],
   [
    -0.038308223876282334,
    -0.1236165962543463,
    0.0
   ],
   [
    -0.04198522762390014,
    -0.12687242437194476,
    0.0
   ],
   [
    -0.040094575302414594,
    -0.13319076592761836,
    0.0
   ],
   [
    -0.04484780853747698,
    -0.12114271717057395,
    0.0
   ],
   [
    -0.04205345951991264,
    -0.1149625215523787,
    0.0
   ],
   [
    -0.05028853343582604,
    -0.1325868576159846,
    0.0
   ],
   [
    -0.05667833533772853,
    -0.11735686948172447,
    0.0
   ],
   [
    -0.05005280257184885,
    -0.11748049776029755,
    0.0
   ],
   [
    -0.04614468807314657,
    -0.1272827363458193,
    0.0
   ],
   [
    -0.049564122518574706,
    -0.11818721680912198,
    0.0
   ],
   [
    -0.05746600878105447,
    -0.13309401233639684,
    0.0
   ],
   [
    -0.05413816384173756,
    -0.11904646125180081,
    0.0
   ]
  ],
  "positions": [
   [
    0.8872972907169113,
    0.0,
    0.3897340175376288
   ],
   [
    0.7729198182711796,
    0.2653437087689158,
    0.4440768612724665
   ],
   [
    0.6043366923005081,
    0.4703741282268186,
    0.4475791115363386
   ],
   [
    0.3989653824030644,
    0.6106619780594907,
    0.6026382840198281
   ],
   [
    0.19422236561586023,
    0.7669667770274029,
    0.6457711230779875
   ],
   [
    -0.07020070448830115,
    0.8471965125301781,
    0.5096211276915901
   ],
   [
    -0.33996094973978724,
    0.7750328999763391,
    0.3530001992922288
   ],
   [
    -0.5157425807253415,
    0.5602457888837684,
    0.5153645231192658
   ],
   [
    -0.7794324297324193,
    0.42180773726423415,
    0.6184057508640588
   ],
   [
    -0.8194479298468632,
    0.13674167447997623,
    0.43372050872893375
   ],
   [
    -0.8597721241177874,
    -0.14347059238412213,
    0.5984387232143076
   ],
   [
    -0.7618936318355682,
    -0.4123162144933053,
    0.4651451852817904
   ],
   [
    -0.5702913507449645,
    -0.6195015490913156,
    0.5102683243540687
   ],
   [
    -0.33483314056073504,
    -0.7633426725498993,
    0.5044435834253589
   ],
   [
    -0.06096346067397999,
    -0.7357195579621753,
    0.5081737674798621
   ],
   [
    0.19476441456483412,
    -0.7691072799198871,
    0.5668307814343483
   ],
   [
    0.47557645726353187,
    -0.7279239576171381,
    0.5482753790290964
   ],
   [
    0.6573422668573612,
    -0.511630022897771,
    0.4774762256478051
   ],
   [
    0.6922428128007326,
    -0.23764725780744278,
    0.38289855160774344
   ],
   [
    0.7792610221190638,
    -1.9086390328768126e-16,
    0.3984529742553916
   ]
  ]
 },
 "appearance_assets": {
  "floor_pbr": "Tiles027",
  "background_hdr": "cabin_4k.hdr"
 },
 "environment_strength": 0.6590316180350283
}