{
 "objects": [
  {
   "obj_subpath": "03797390/4b8b10d03552e0891898dfa8eb8eefff/models/model_normalized.obj",
   "obj_location": [
    -0.14819767855461985,
    0.11928469149421739
   ],
   "obj_pose": [
    [
     -0.5088181474904877,
     -0.8559423495613946,
     0.09201495134808234
    ],
    [
     0.04701833159864993,
     0.07909506081861793,
     0.9957576017930725
    ],
    [
     -0.8595890998840332,
     0.5109859108924866,
     -2.233590556954823e-08
    ]
   ],
   "obj_scale": 0.3973445277572916
  },
  {
   "obj_subpath": "03797390/4b8b10d03552e0891898dfa8eb8eefff/models/model_normalized.obj",
   "obj_location": [
    0.3168675281432217,
    0.37942599943422595
   ],
   "obj_pose": [
    [
     0.16876208587041436,
     0.2838957673834003,
     0.9438869274645341
    ],
    [
     0.4823123963915029,
     0.8113552030165972,
     -0.3302687331532256
    ],
    [
     -0.8595895171165466,
     0.5109851956367493,
     -4.487351645821036e-07
    ]
   ],
   "obj_scale": 0.40581773805765126
  },
  {
   "obj_subpath": "03797390/4b8b10d03552e0891898dfa8eb8eefff/models/model_normalized.obj",
   "obj_location": [
    0.16737478657102955,
    -0.3529711427192105
   ],
   "obj_pose": [
    [
     -0.08564840316325938,
     -0.14407920951788,
     -0.9858526700105994
    ],
    [
     -0.5037568677026211,
     -0.8474281773715601,
     0.16761403829409213
    ],
    [
     -0.8595890998840332,
     0.5109859108924866,
     -2.233590556954823e-08
    ]
   ],
   "obj_scale": 0.4352487556128925
  }
 ],
 "camera": {
  "track_to_point": [
   [
    0.1141251029769837,
    0.0415908001439418,
    0.0
   ],
   [
    0.12106194930512726,
    0.04785946909558446,
    0.0
   ],
   [
    0.1175973801829058,
    0.053345311188859316,
    0.0
   ],
   [
    0.10432584121216831,
    0.05475208997015945,
    0.0
   ],
   [
    0.1035725601389382,
    0.05822631206268325,
    0.0
   ],
   [
    0.10293603166171422,
    0.05286988383169939,
    0.0
   ],
   [
    0.10890644990622644,
    0.05502872220761053,
    0.0
   ],
   [
    0.11415213567954971,
    0.04318157681993095,
    0.0
   ],
   [
    0.11694612104261017,
    0.04384192663758375,
    0.0
   ],
   [
    0.10430255119899638,
    0.05618521998293008,
    0.0
   ],
   [
    0.11248311793661622,
    0.056072627865640094,
    0.0
   ],
   [
    0.1137643236204192,
    0.048407814941485466,
    0.0
   ],
   [
    0.10800604422588601,
    0.04673667126406196,
    0.0
   ],
   [
    0.11212406138007994,
    0.04673792049563036,
    0.0
   ],
   [
    0.10538153167340635,
    0.05800713783554524,
    0.0
   ],
   [
    0.10249555495203125,
    0.05048944767806471,
    0.0
   ],
   [
    0.11440972197682799,
    0.03990741992859945,
    0.0
   ],
   [
    0.1190861713794395,
    0.048247408253356196,
    0.0
   ],
   [
    0.12194638296974818,
    0.039430908425712535,
    0.0
   ],
   [
    0.11943889232099526,
    0.05656815955018408,
    0.0
   ]
  ],
  "positions": [
   [
    0.7765274221477575,
    0.0,
    0.5237075844066512
   ],
   [
    0.7149275868504283,
    0.24543495057536077,
    0.37813948926367147
   ],
   [
    0.5561050594699692,
    0.4328339415483311,
    0.5267343809178318
   ],
   [
    0.4548657700361854,
    0.6962238909270262,
    0.4264950069270975
   ],
   [
    0.1720091041188715,
    0.6792485911038085,
    0.5130076841595897
   ],
   [
    -0.06466475306699758,
    0.7803875143605592,
    0.5063032635086134
   ],
   [
    -0.3369819765241271,
    0.7682415251079839,
    0.37617438685165555
   ],
   [
    -0.5441727113161882,
    0.5911291433637037,
    0.4514701936662447
   ],
   [
    -0.6388715636488512,
    0.34574000052538023,
    0.5436425036885502
   ],
   [
    -0.705093671381222,
    0.11765932376926057,
    0.5000955823975252
   ],
   [
    -0.7539046319109254,
    -0.12580443248538706,
    0.46179739496829
   ],
   [
    -0.7476643330413713,
    -0.40461570307206846,
    0.5317980197846622
   ],
   [
    -0.57693253842343,
    -0.6267158020328009,
    0.4444895242050262
   ],
   [
    -0.3409458728167468,
    -0.7772782984233473,
    0.6372266802413737
   ],
   [
    -0.06016549463121957,
    -0.726089539952074,
    0.4508123716545612
   ],
   [
    0.2192679038015599,
    -0.8658693706617301,
    0.4528300452157871
   ],
   [
    0.45085924623220275,
    -0.690091449719858,
    0.6059343516081386
   ],
   [
    0.7051329281996697,
    -0.5488269876901943,
    0.4748000874359813
   ],
   [
    0.6689256984973105,
    -0.22964248235622253,
    0.40101329506770034
   ],
   [
    0.853164397085413,
    -2.089650096074265e-16,
    0.4175069446408895
   ]
  ]
 },
 "appearance_assets": {
  "floor_pbr": "Tiles027",
  "background_hdr": "music_hall_02_4k.hdr"
 },
 "environment_strength": 0.3543035580597359
}