{
 "objects": [
  {
   "obj_subpath": "03948459/e4b03ae84f8d11394c3466ee2269609a/models/model_normalized.obj",
   "obj_location": [
    0.28316357533590675,
    0.19170971036539153
   ],
   "obj_pose": [
    [
     0.005582847022221475,
     -0.47760978285241584,
     -0.8785543474255093
    ],
    [
     -0.005381575213049233,
     0.8785409380423199,
     -0.47763670868884894
    ],
    [
     0.9999699592590332,
     0.007394579239189625,
     0.002334466902539134
    ]
   ],
   "obj_scale": 0.3567055124666158
  },
  {
   "obj_subpath": "03948459/e4b03ae84f8d11394c3466ee2269609a/models/model_normalized.obj",
   "obj_location": [
    -0.34391868434140654,
    0.13839169596543255
   ],
   "obj_pose": [
    [
     0.0032901117853602847,
     -0.6771735485156558,
     0.7358159928303684
    ],
    [
     0.007020247096462214,
     -0.7357862030787772,
     -0.6771775339491456
    ],
    [
     0.9999699592590332,
     0.007393599953502417,
     0.0023331069387495518
    ]
   ],
   "obj_scale": 0.3970470219909154
  },
  {
   "obj_subpath": "03948459/d45435235c262f179f433921788191f3/models/model_normalized.obj",
   "obj_location": [
    0.0603485253837831,
    -0.3214070894085569
   ],
   "obj_pose": [
    [
     -0.0075124908764262295,
     0.8155462945958397,
     0.5786430764854755
    ],
    [
     -0.010536237453179763,
     -0.5786918406753057,
     0.8154782414994856
    ],
    [
     0.9999162554740906,
     2.9552056730608456e-05,
     0.012940206564962864
    ]
   ],
   "obj_scale": 0.366213548285212
  }
 ],
 "camera": {
  "track_to_point": [
   [
    0.009204731332606502,
    -0.0027659798058212877,
    0.0
   ],
   [
    0.0038184231764198796,
    0.007801937563187386,
    0.0
   ],
   [
    -0.0065583609774727694,
    -0.001124442105286509,
    0.0
   ],
   [
    -0.0003478875773434547,
    0.0007592805155767868,
    0.0
   ],
   [
    0.0009253095062354567,
    -0.002358328117441456,
    0.0
   ],
   [
    0.0007463320215660858,
    -0.005418105387930904,
    0.0
   ],
   [
    -0.006273424936497096,
    0.011252138175737583,
    0.0
   ],
   [
    0.004061325934381458,
    0.007941395768922884,
    0.0
   ],
   [
    0.004613056100258052,
    -0.0021049401321746766,
    0.0
   ],
   [
    -0.0004892657580565287,
    0.0077318331735122675,
    0.0
   ],
   [
    0.009804372309305417,
    0.005138531732414603,
    0.0
   ],
   [
    -0.00727212504368951,
    0.011757348185128524,
    0.0
   ],
   [
    -0.0008793159883389862,
    -0.003684711532235666,
    0.0
   ],
   [
    0.0007915614698285554,
    -0.0005095234821851564,
    0.0
   ],
   [
    0.0014101195358397604,
    -0.004015369171429825,
    0.0
   ],
   [
    0.006797036231347325,
    4.484183216007945e-05,
    0.0
   ],
   [
    -0.007071767931697719,
    0.01138221262716035,
    0.0
   ],
   [
    0.0038511741961807957,
    0.006001170090644043,
    0.0
   ],
   [
    0.002893439387305907,
    0.00834138331147961,
    0.0
   ],
   [
    0.006170159432207763,
    0.010132910973748684,
    0.0
   ]
  ],
  "positions": [
   [
    0.8608912405369966,
    0.0,
    0.6492433074730323
   ],
   [
    0.6807338198801862,
    0.23369621554724587,
    0.3546232382686796
   ],
   [
    0.6251166380203063,
    0.4865478091849332,
    0.6250898407092406
   ],
   [
    0.4530654621263342,
    0.693468314534097,
    0.4572452529279573
   ],
   [
    0.18265675762103262,
    0.7212952239082345,
    0.45058103976454955
   ],
   [
    -0.06664394959724286,
    0.804272864376029,
    0.5507238094111523
   ],
   [
    -0.3080474890969572,
    0.702277538017193,
    0.5959841756308979
   ],
   [
    -0.5889903130563222,
    0.6398140369155737,
    0.48360073494819455
   ],
   [
    -0.6378565884846071,
    0.3451907234346693,
    0.5714692958185822
   ],
   [
    -0.8105350844348801,
    0.1352543836325352,
    0.47809999722441754
   ],
   [
    -0.7678182464324167,
    -0.12812620410557185,
    0.6035374941448733
   ],
   [
    -0.6160872275645153,
    -0.3334097344468941,
    0.6254553535736813
   ],
   [
    -0.5787572836027873,
    -0.6286980036983744,
    0.42558402894562986
   ],
   [
    -0.3055657973584793,
    -0.6966198507257775,
    0.509446043750798
   ],
   [
    -0.05801613855888741,
    -0.7001506696524347,
    0.4656839932982457
   ],
   [
    0.20743043123852836,
    -0.8191242486412555,
    0.4626127880373662
   ],
   [
    0.42424752763428286,
    -0.649359182121386,
    0.5120572020988408
   ],
   [
    0.6064296441636777,
    -0.47200313804965716,
    0.38286830140454853
   ],
   [
    0.7738373447758229,
    -0.26565869601582137,
    0.606256965385092
   ],
   [
    0.7514641908269514,
    -1.8405564319401635e-16,
    0.44027194825614474
   ]
  ]
 },
 "appearance_assets": {
  "floor_pbr": "Carpet006",
  "background_hdr": "colorful_studio_4k.hdr"
 },
 "environment_strength": 0.7537766253336122
}